"0","library(""tools"")"
"0","library(""lubridate"")"
"2","
Attaching package: ‘lubridate’

"
"2","The following object is masked from ‘package:base’:

    date

"
"0","library(stringr)"
"0","library(corrplot)"
"2","corrplot 0.84 loaded
"
"0","library(ggplot2)"
"2","Registered S3 method overwritten by 'dplyr':
  method           from
  print.rowwise_df     
"
"2","Find out what's changed in ggplot2 at https://github.com/tidyverse/ggplot2/releases.
"
"0","library(RColorBrewer) #Para colorcitos de graficas "
